所管,組織,,,,,,,,                             項目,,"令和2年度
成立予算額(千円)",補正要求,,,"改令和2年度
予算額(千円)"
,,,,,,,,,,,,追加額(千円),修正減少額(千円),差引額(千円),
国会,衆議院,,,,,,,,,,"66,672,542",0,"△ 1,326,327","△ 1,326,327","65,346,215"
,,001,,,,,,,衆議院,,"64,992,463",0,"△ 1,326,327","△ 1,326,327","63,666,136"
,,,95,012,2,11,1,01,,議員歳費,"10,206,691",0,"△ 1,326,327","△ 1,326,327","8,880,364"
,,,95,012,2,12,9,06,,諸謝金外38目,"54,785,772",0,0,0,"54,785,772"
,,002,,,,,,,衆議院施設費,,"1,673,079",0,0,0,"1,673,079"
,,009,,,,,,,衆議院予備経費,,"7,000",0,0,0,"7,000"
,参議院,,,,,,,,,,"41,389,032",0,"△ 700,031","△ 700,031","40,689,001"
,,011,,,,,,,参議院,,"39,758,401",0,"△ 700,031","△ 700,031","39,058,370"
,,,95,012,2,11,1,01,,議員歳費,"5,387,061",0,"△ 700,031","△ 700,031","4,687,030"
,,,95,012,2,12,9,06,,諸謝金外36目,"34,371,340",0,0,0,"34,371,340"
,,012,,,,,,,参議院施設費,,"1,625,631",0,0,0,"1,625,631"
,,019,,,,,,,参議院予備経費,,"5,000",0,0,0,"5,000"
裁判所,裁判所,,,,,,,,,,"326,624,181","1,259,066",0,"1,259,066","327,883,247"
,,001,,,,,,,最高裁判所,,"80,917,362",0,0,0,"80,917,362"
,,002,,,,,,,下級裁判所,,"208,654,957","152,600",0,"152,600","208,807,557"
,,,95,014,2,20,3,09,,法廷等器具整備費,"577,708","152,600",0,"152,600","730,308"
,,,95,014,2,12,9,06,,諸謝金外15目,"208,077,249",0,0,0,"208,077,249"
,,003,,,,,,,検察審査費,,"302,934",0,0,0,"302,934"
,,004,,,,,,,裁判費,,"19,716,454","1,106,466",0,"1,106,466","20,822,920"
,,,95,014,2,12,3,09,,裁判庁費,"13,852,185","1,106,466",0,"1,106,466","14,958,651"
,,,95,014,2,12,9,06,,諸謝金外11目,"5,864,269",0,0,0,"5,864,269"
,,005,,,,,,,裁判所施設費,,"17,024,474",0,0,0,"17,024,474"
,,009,,,,,,,裁判所予備経費,,"8,000",0,0,0,"8,000"
内閣,内閣官房,,,,,,,,,,"170,795,679","3,124,109",0,"3,124,109","173,919,788"
,,001,,,,,,,内閣官房共通費,,"36,539,057","2,371,034",0,"2,371,034","38,910,091"
,,,95,016,2,12,2,08,,職員旅費,"730,838",572,0,572,"731,410"
,,,95,016,2,12,2,08,,委員等旅費,"147,252",550,0,550,"147,802"
,,,95,016,2,12,3,09,,庁費,"2,568,632","1,438,050",0,"1,438,050","4,006,682"
,,,95,016,2,12,3,09,,情報処理業務庁費,"6,044,129","931,862",0,"931,862","6,975,991"
,,,95,016,2,12,9,06,,諸謝金外31目,"27,048,206",0,0,0,"27,048,206"
,,002,,,,,,,内閣官房施設費,,"1,856,929",0,0,0,"1,856,929"
,,005,,,,,,,情報通信技術調達等適正・効率化推進費,,"69,782,143","753,075",0,"753,075","70,535,218"
,,,95,016,2,12,3,09,,情報処理業務庁費,"62,595,123","753,075",0,"753,075","63,348,198"
,,,95,016,2,12,5,14,,情報通信技術調達等適正・効率化推進委託費,"7,187,020",0,0,0,"7,187,020"
,,003,,,,,,,情報収集衛星業務費,,"59,141,630",0,0,0,"59,141,630"
,,004,,,,,,,情報収集衛星施設費,,"3,475,920",0,0,0,"3,475,920"
,人事院,,,,,,,,,,"9,131,801","214,558",0,"214,558","9,346,359"
,,021,,,,,,,人事院,,"9,098,361","214,558",0,"214,558","9,312,919"
,,,95,016,2,12,2,08,,職員旅費,"151,463","7,801",0,"7,801","159,264"
,,,95,016,2,12,3,09,,任用試験費,"442,505","206,757",0,"206,757","649,262"
,,,95,016,2,12,9,06,,諸謝金外28目,"8,504,393",0,0,0,"8,504,393"
,,022,,,,,,,人事院施設費,,"33,440",0,0,0,"33,440"
内閣府,内閣本府,,,,,,,,,,"1,538,590,811","2,107,479,447",0,"2,107,479,447","3,646,070,258"
,,001,,,,,,,内閣本府共通費,,"29,046,014",0,0,0,"29,046,014"
,,002,,,,,,,内閣本府施設費,,"2,984,305",0,0,0,"2,984,305"
,,003,,,,,,,公文書等管理政策費,,"49,945",0,0,0,"49,945"
,,004,,,,,,,独立行政法人国立公文書館運営費,,"2,365,019",0,0,0,"2,365,019"
,,059,,,,,,,独立行政法人国立公文書館施設整備費,,"34,433",0,0,0,"34,433"
,,005,,,,,,,政府広報費,,"18,532,771",0,0,0,"18,532,771"
,,050,,,,,,,アイヌ政策推進費,,"2,002,985",0,0,0,"2,002,985"
,,007,,,,,,,経済財政政策費,,"760,723",0,0,0,"760,723"
,,009,,,,,,,地方創生支援費,,"2,138,499",0,0,0,"2,138,499"
,,281,,,,,,,新型コロナウイルス感染症対応地方創生推進費,,"1,000,000,000","2,000,000,000",0,"2,000,000,000","3,000,000,000"
,,,95,199,2,81,5,16,,新型コロナウイルス感染症対応地方創生臨時交付金,"1,000,000,000","2,000,000,000",0,"2,000,000,000","3,000,000,000"
,,012,,,,,,,科学技術・イノベーション政策費,,"1,116,358",0,0,0,"1,116,358"
,,196,,,,,,,科学技術イノベーション創造推進費,,"56,196,724",0,0,0,"56,196,724"
,,199,,,,,,,国立研究開発法人日本医療研究開発機構出資,,"20,000,000",0,0,0,"20,000,000"
,,006,,,,,,,遺棄化学兵器廃棄処理事業費,,"54,245,901",0,0,0,"54,245,901"
,,013,,,,,,,防災政策費,,"7,879,811","156,471",0,"156,471","8,036,282"
,,,95,016,2,12,3,09,,災害関係調査費,"1,538,485","156,471",0,"156,471","1,694,956"
,,,95,016,2,12,2,08,,職員旅費外11目,"6,341,326",0,0,0,"6,341,326"
,,193,,,,,,,電源開発促進税財源原子力安全規制対策費エネルギー対策特別会計へ繰入,,"12,906,827",0,0,0,"12,906,827"
,,015,,,,,,,沖縄政策費,,"60,598,043","107,100,000",0,"107,100,000","167,698,043"
,,,95,199,1,95,9,24,,沖縄振興開発金融公庫出資金,"27,000,000","107,100,000",0,"107,100,000","134,100,000"
,,,95,016,2,12,9,06,,諸謝金外29目,"33,598,043",0,0,0,"33,598,043"
,,187,,,,,,,沖縄振興交付金事業推進費,,"101,356,000",0,0,0,"101,356,000"
,,055,,,,,,,沖縄振興特定事業推進費,,"6,500,000",0,0,0,"6,500,000"
,,188,,,,,,,沖縄北部連携促進特別振興事業費,,"3,450,000",0,0,0,"3,450,000"
,,189,,,,,,,沖縄振興推進調査費,,"50,000",0,0,0,"50,000"
,,022,,,,,,,沖縄教育振興事業費,,"7,996,300",0,0,0,"7,996,300"
,,023,,,,,,,沖縄保健衛生諸費,,"2,187",0,0,0,"2,187"
,,197,,,,,,,沖縄国立大学法人施設整備費,,"8,886,767",0,0,0,"8,886,767"
,,028,,,,,,,沖縄開発事業費,,"110,268,287",0,0,0,"110,268,287"
,,190,,,,,,,沖縄北部連携促進特別振興対策特定開発事業推進費,,"2,619,000",0,0,0,"2,619,000"
,,032,,,,,,,共生社会政策費,,"2,173,078",0,0,0,"2,173,078"
,,033,,,,,,,栄典行政費,,"2,802,894",0,0,0,"2,802,894"
,,034,,,,,,,男女共同参画社会形成促進費,,"1,128,780","222,976",0,"222,976","1,351,756"
,,,95,016,2,12,9,06,,諸謝金,"371,531","222,976",0,"222,976","594,507"
,,,95,016,2,12,2,08,,職員旅費外7目,"757,249",0,0,0,"757,249"
,,038,,,,,,,食品安全政策費,,"327,925",0,0,0,"327,925"
,,040,,,,,,,公益法人制度適正運営推進費,,"155,661",0,0,0,"155,661"
,,041,,,,,,,経済社会総合研究所,,"2,123,814",0,0,0,"2,123,814"
,,042,,,,,,,迎賓施設運営費,,"2,190,321",0,0,0,"2,190,321"
,,200,,,,,,,プレミアム付商品券事業助成費,,"53,439",0,0,0,"53,439"
,,049,,,,,,,航空機燃料税財源沖縄空港整備事業費自動車安全特別会計へ繰入,,"15,648,000",0,0,0,"15,648,000"
,子ども・子育て本部,,,,,,,,,,"3,182,219,413","262,974",0,"262,974","3,182,482,387"
,,211,,,,,,,子ども・子育て本部,,"1,467,313",0,0,0,"1,467,313"
,,212,,,,,,,大学等修学支援費,,"488,175,811",0,0,0,"488,175,811"
,,214,,,,,,,仕事・子育て両立支援事業費,,"320,490","262,974",0,"262,974","583,464"
,,,06,089,2,40,5,16,,仕事・子育て両立支援事業費補助金,"320,490","262,974",0,"262,974","583,464"
,,213,,,,,,,子ども・子育て支援年金特別会計へ繰入,,"2,526,881,890",0,0,0,"2,526,881,890"
,,215,,,,,,,子育て世帯臨時特別給付金給付事業助成費,,"165,373,909",0,0,0,"165,373,909"
,警察庁,,,,,,,,,,"369,475,336","2,015,175",0,"2,015,175","371,490,511"
,,131,,,,,,,警察庁共通費,,"94,258,622",0,0,0,"94,258,622"
,,132,,,,,,,警察庁施設費,,"9,498,276",0,0,0,"9,498,276"
,,133,,,,,,,生活安全警察費,,"235,570",0,0,0,"235,570"
,,134,,,,,,,刑事警察費,,"407,345",0,0,0,"407,345"
,,135,,,,,,,組織犯罪対策費,,"50,867",0,0,0,"50,867"
,,136,,,,,,,交通警察費,,"21,018,505",0,0,0,"21,018,505"
,,145,,,,,,,交通反則者納金財源交通安全対策特別交付金等交付税及び譲与税配付金特別会計へ繰入,,"54,361,639",0,0,0,"54,361,639"
,,137,,,,,,,警備警察費,,"10,991,553",0,0,0,"10,991,553"
,,138,,,,,,,皇宮警察本部,,"8,962,186",0,0,0,"8,962,186"
,,140,,,,,,,犯罪被害給付費,,"1,182,037",0,0,0,"1,182,037"
,,141,,,,,,,情報技術犯罪対策費,,"1,131,813",0,0,0,"1,131,813"
,,142,,,,,,,科学警察研究所,,"2,167,118",0,0,0,"2,167,118"
,,143,,,,,,,警察活動基盤整備費,,"165,209,805","2,015,175",0,"2,015,175","167,224,980"
,,,95,014,2,12,3,09,,警察装備費,"35,058,390","398,735",0,"398,735","35,457,125"
,,,95,014,2,20,3,09,,車両購入費,"5,327,106","685,554",0,"685,554","6,012,660"
,,,95,014,2,81,5,16,,都道府県警察費補助金,"34,089,234","930,886",0,"930,886","35,020,120"
,,,95,014,2,12,9,06,,諸謝金外16目,"90,735,075",0,0,0,"90,735,075"
,金融庁,,,,,,,,,,"26,072,135","306,476",0,"306,476","26,378,611"
,,151,,,,,,,金融庁共通費,,"23,484,425",0,0,0,"23,484,425"
,,152,,,,,,,金融政策費,,"2,587,710","306,476",0,"306,476","2,894,186"
,,,95,016,2,12,9,06,,諸謝金,"273,254","10,000",0,"10,000","283,254"
,,,95,016,2,12,3,09,,金融政策業務庁費,"192,235","275,952",0,"275,952","468,187"
,,,95,016,2,12,3,09,,情報処理業務庁費,"1,400,973","20,524",0,"20,524","1,421,497"
,,,50,015,2,12,9,06,,政府開発援助諸謝金外10目,"721,248",0,0,0,"721,248"
,消費者庁,,,,,,,,,,"12,544,368","1,300,834",0,"1,300,834","13,845,202"
,,161,,,,,,,消費者庁共通費,,"5,057,142",0,0,0,"5,057,142"
,,162,,,,,,,消費者政策費,,"4,231,883","1,229,834",0,"1,229,834","5,461,717"
,,,95,016,2,12,3,09,,消費者政策調査費,"778,017","629,834",0,"629,834","1,407,851"
,,,95,016,2,81,5,16,,地方消費者行政強化交付金,"2,400,000","600,000",0,"600,000","3,000,000"
,,,95,016,2,12,9,06,,諸謝金外9目,"1,053,866",0,0,0,"1,053,866"
,,163,,,,,,,独立行政法人国民生活センター運営費,,"3,255,343","71,000",0,"71,000","3,326,343"
,,,95,191,2,30,5,16,,独立行政法人国民生活センター運営費交付金,"3,255,343","71,000",0,"71,000","3,326,343"
総務省,総務本省,,,,,,,,,,"29,644,931,519","51,632,292",0,"51,632,292","29,696,563,811"
,,001,,,,,,,総務本省共通費,,"41,791,659",0,0,0,"41,791,659"
,,002,,,,,,,総務本省施設費,,"1,061,457",0,0,0,"1,061,457"
,,004,,,,,,,行政管理実施費,,"114,520",0,0,0,"114,520"
,,005,,,,,,,行政評価等実施費,,"242,667",0,0,0,"242,667"
,,006,,,,,,,地方行政制度整備費,,"786,263",0,0,0,"786,263"
,,007,,,,,,,地域振興費,,"2,522,710",0,0,0,"2,522,710"
,,008,,,,,,,地方財政制度整備費,,"51,757",0,0,0,"51,757"
,,009,,,,,,,地方交付税交付金,,"15,608,534,600",0,0,0,"15,608,534,600"
,,010,,,,,,,地方特例交付金,,"225,609,000",0,0,0,"225,609,000"
,,011,,,,,,,地方税制度整備費,,"37,239",0,0,0,"37,239"
,,012,,,,,,,選挙制度等整備費,,"201,722",0,0,0,"201,722"
,,013,,,,,,,電子政府・電子自治体推進費,,"420,691,130","929,945",0,"929,945","421,621,075"
,,,95,016,2,86,5,16,,個人番号カード交付事業費補助金,"75,559,566","929,945",0,"929,945","76,489,511"
,,,95,016,2,12,9,06,,諸謝金外9目,"345,131,564",0,0,0,"345,131,564"
,,014,,,,,,,情報通信技術研究開発推進費,,"7,556,072",0,0,0,"7,556,072"
,,015,,,,,,,国立研究開発法人情報通信研究機構運営費,,"28,436,000",0,0,0,"28,436,000"
,,016,,,,,,,国立研究開発法人情報通信研究機構施設整備費,,"90,200",0,0,0,"90,200"
,,017,,,,,,,情報通信技術高度利活用推進費,,"5,816,242","547,069",0,"547,069","6,363,311"
,,,95,063,2,12,3,09,,情報通信技術研究開発調査費,"4,116,463","547,069",0,"547,069","4,663,532"
,,,95,063,2,12,9,06,,諸謝金外8目,"1,699,779",0,0,0,"1,699,779"
,,020,,,,,,,情報通信技術利用環境整備費,,"6,047,289",0,0,0,"6,047,289"
,,021,,,,,,,電波利用料財源電波監視等実施費,,"73,515,998","50,155,278",0,"50,155,278","123,671,276"
,,,95,063,2,92,5,16,,無線システム普及支援事業費等補助金,"16,201,676","50,155,278",0,"50,155,278","66,356,954"
,,,95,063,2,12,9,06,,諸謝金外24目,"57,314,322",0,0,0,"57,314,322"
,,022,,,,,,,情報通信国際戦略推進費,,"1,305,958",0,0,0,"1,305,958"
,,023,,,,,,,郵政行政推進費,,"756,057",0,0,0,"756,057"
,,024,,,,,,,一般戦災死没者追悼等事業費,,"565,059",0,0,0,"565,059"
,,026,,,,,,,恩給費,,"164,912,073",0,0,0,"164,912,073"
,,027,,,,,,,統計調査費,,"97,019,176",0,0,0,"97,019,176"
,,028,,,,,,,独立行政法人統計センター運営費,,"8,636,513",0,0,0,"8,636,513"
,,032,,,,,,,特別定額給付金給付事業助成費,,"12,880,292,830",0,0,0,"12,880,292,830"
,,029,,,,,,,政党助成費,,"31,797,328",0,0,0,"31,797,328"
,,030,,,,,,,国有提供施設等所在市町村助成交付金,,"29,140,000",0,0,0,"29,140,000"
,,031,,,,,,,施設等所在市町村調整交付金,,"7,400,000",0,0,0,"7,400,000"
,消防庁,,,,,,,,,,"18,346,328","299,098",0,"299,098","18,645,426"
,,071,,,,,,,消防庁共通費,,"2,270,343",0,0,0,"2,270,343"
,,073,,,,,,,消防庁施設費,,"132,575",0,0,0,"132,575"
,,072,,,,,,,消防防災体制等整備費,,"15,943,410","299,098",0,"299,098","16,242,508"
,,,95,014,2,12,3,09,,消防防災等業務庁費,"5,321,774","299,098",0,"299,098","5,620,872"
,,,95,014,2,12,9,06,,諸謝金外21目,"10,621,636",0,0,0,"10,621,636"
法務省,法務本省,,,,,,,,,,"219,617,321","223,617",0,"223,617","219,840,938"
,,001,,,,,,,法務本省共通費,,"129,503,389",0,0,0,"129,503,389"
,,002,,,,,,,基本法制整備費,,"131,074",0,0,0,"131,074"
,,003,,,,,,,司法制度改革推進費,,"17,846,784","175,054",0,"175,054","18,021,838"
,,,95,014,2,11,1,05,,委員手当,"43,097","9,722",0,"9,722","52,819"
,,,95,014,2,12,2,08,,職員旅費,"10,357","1,754",0,"1,754","12,111"
,,,95,014,2,12,2,08,,委員等旅費,"21,933","5,085",0,"5,085","27,018"
,,,95,014,2,12,3,09,,司法試験業務庁費,"403,775","158,493",0,"158,493","562,268"
,,,95,014,2,12,9,06,,諸謝金外4目,"17,367,622",0,0,0,"17,367,622"
,,004,,,,,,,日本司法支援センター運営費,,"15,139,238",0,0,0,"15,139,238"
,,015,,,,,,,再犯防止等企画調整推進費,,"193,254",0,0,0,"193,254"
,,005,,,,,,,検察企画調整費,,"45,098",0,0,0,"45,098"
,,006,,,,,,,矯正企画調整費,,"156,426",0,0,0,"156,426"
,,007,,,,,,,更生保護企画調整推進費,,"426,431",0,0,0,"426,431"
,,008,,,,,,,債権管理回収業審査監督費,,"10,425",0,0,0,"10,425"
,,009,,,,,,,人権擁護推進費,,"1,311,583",0,0,0,"1,311,583"
,,010,,,,,,,訟務費,,"1,920,788",0,0,0,"1,920,788"
,,012,,,,,,,法務省施設費,,"48,958,658",0,0,0,"48,958,658"
,,013,,,,,,,法務行政情報化推進費,,"3,974,173","48,563",0,"48,563","4,022,736"
,,,95,014,2,12,3,09,,情報処理業務庁費,"3,974,173","48,563",0,"48,563","4,022,736"
,検察庁,,,,,,,,,,"114,377,218","199,994",0,"199,994","114,577,212"
,,031,,,,,,,検察官署共通費,,"105,328,296","81,069",0,"81,069","105,409,365"
,,,95,014,2,12,3,09,,庁費,"5,067,952","81,069",0,"81,069","5,149,021"
,,,95,014,2,12,2,08,,職員旅費外13目,"100,260,344",0,0,0,"100,260,344"
,,032,,,,,,,検察費,,"5,318,831","48,021",0,"48,021","5,366,852"
,,,95,014,2,12,3,09,,検察業務庁費,"3,441,062","48,021",0,"48,021","3,489,083"
,,,95,014,2,12,9,06,,諸謝金外4目,"1,877,769",0,0,0,"1,877,769"
,,033,,,,,,,検察運営費,,"3,730,091","70,904",0,"70,904","3,800,995"
,,,95,014,2,12,3,09,,検察業務庁費,"2,149,233","70,904",0,"70,904","2,220,137"
,,,95,014,2,12,9,06,,諸謝金外7目,"1,580,858",0,0,0,"1,580,858"
,矯正官署,,,,,,,,,,"245,716,424","945,032",0,"945,032","246,661,456"
,,041,,,,,,,矯正官署共通費,,"171,870,487",0,0,0,"171,870,487"
,,042,,,,,,,矯正管理業務費,,"10,946,231",0,0,0,"10,946,231"
,,043,,,,,,,矯正収容費,,"43,667,373","945,032",0,"945,032","44,612,405"
,,,95,014,2,12,3,09,,収容諸費,"23,065,397","783,106",0,"783,106","23,848,503"
,,,95,014,2,12,3,09,,作業諸費,"2,801,282","161,926",0,"161,926","2,963,208"
,,,95,014,2,12,9,06,,諸謝金外17目,"17,800,694",0,0,0,"17,800,694"
,,044,,,,,,,矯正施設民間開放推進費,,"19,232,333",0,0,0,"19,232,333"
,更生保護官署,,,,,,,,,,"27,557,171","95,040",0,"95,040","27,652,211"
,,051,,,,,,,更生保護官署共通費,,"14,319,162",0,0,0,"14,319,162"
,,052,,,,,,,更生保護活動費,,"13,238,009","95,040",0,"95,040","13,333,049"
,,,95,014,2,12,3,09,,更生保護業務庁費,"2,094,758","8,971",0,"8,971","2,103,729"
,,,95,014,2,12,5,14,,更生保護委託費,"5,430,965","86,069",0,"86,069","5,517,034"
,,,95,014,2,12,9,06,,諸謝金外11目,"5,712,286",0,0,0,"5,712,286"
,出入国在留管理庁,,,,,,,,,,"63,473,480","246,980",0,"246,980","63,720,460"
,,101,,,,,,,出入国在留管理庁共通費,,"37,512,406",0,0,0,"37,512,406"
,,102,,,,,,,出入国管理企画調整推進費,,"4,129,610",0,0,0,"4,129,610"
,,103,,,,,,,出入国管理業務費,,"21,831,464","246,980",0,"246,980","22,078,444"
,,,95,014,2,12,3,09,,出入国管理業務庁費,"6,666,407","240,239",0,"240,239","6,906,646"
,,,95,014,2,12,3,09,,収容諸費,"1,675,501","6,741",0,"6,741","1,682,242"
,,,95,014,2,12,9,06,,諸謝金外12目,"13,489,556",0,0,0,"13,489,556"
外務省,外務本省,,,,,,,,,,"663,719,781","609,958",0,"609,958","664,329,739"
,,001,,,,,,,外務本省共通費,,"69,501,984",0,0,0,"69,501,984"
,,002,,,,,,,外務本省施設費,,"908,934",0,0,0,"908,934"
,,003,,,,,,,地域別外交費,,"4,059,385",0,0,0,"4,059,385"
,,004,,,,,,,分野別外交費,,"4,010,445",0,0,0,"4,010,445"
,,005,,,,,,,広報文化交流及報道対策費,,"11,533,247",0,0,0,"11,533,247"
,,006,,,,,,,独立行政法人国際交流基金運営費,,"12,672,192",0,0,0,"12,672,192"
,,007,,,,,,,領事政策費,,"13,265,145",0,0,0,"13,265,145"
,,008,,,,,,,経済協力費,,"217,782,236",0,0,0,"217,782,236"
,,009,,,,,,,独立行政法人国際協力機構運営費,,"153,014,816","609,958",0,"609,958","153,624,774"
,,,50,015,2,30,5,16,,政府開発援助独立行政法人国際協力機構運営費交付金,"153,014,816","609,958",0,"609,958","153,624,774"
,,012,,,,,,,独立行政法人国際協力機構施設整備費,,"535,011",0,0,0,"535,011"
,,010,,,,,,,国際分担金其他諸費,,"176,436,386",0,0,0,"176,436,386"
,在外公館,,,,,,,,,,"151,073,378","1,502,329",0,"1,502,329","152,575,707"
,,021,,,,,,,在外公館共通費,,"134,840,252",0,0,0,"134,840,252"
,,022,,,,,,,在外公館施設費,,"6,297,643",0,0,0,"6,297,643"
,,023,,,,,,,地域別外交費,,"1,005,094",0,0,0,"1,005,094"
,,024,,,,,,,分野別外交費,,"417,106",0,0,0,"417,106"
,,025,,,,,,,広報文化交流及報道対策費,,"3,200,048",0,0,0,"3,200,048"
,,026,,,,,,,領事政策費,,"4,266,993","1,502,329",0,"1,502,329","5,769,322"
,,,95,015,2,12,9,06,,領事事務謝金,"2,383,353","1,502,329",0,"1,502,329","3,885,682"
,,,95,015,2,12,9,06,,在外選挙事務謝金外7目,"1,883,640",0,0,0,"1,883,640"
,,027,,,,,,,経済協力費,,"1,046,242",0,0,0,"1,046,242"
財務省,財務本省,,,,,,,,,,"27,788,065,285","15,446,476,972",0,"15,446,476,972","43,234,542,257"
,,001,,,,,,,財務本省共通費,,"160,982,939","233,686",0,"233,686","161,216,625"
,,,95,016,2,12,3,09,,情報処理業務庁費,"2,418,402","176,719",0,"176,719","2,595,121"
,,,95,016,2,12,3,09,,通信専用料,"23,151","56,967",0,"56,967","80,118"
,,,95,016,2,12,9,06,,諸謝金外35目,"158,541,386",0,0,0,"158,541,386"
,,002,,,,,,,財務本省施設費,,"227,940",0,0,0,"227,940"
,,003,,,,,,,財政健全化推進費,,"811,082",0,0,0,"811,082"
,,004,,,,,,,税制企画立案費,,"160,632",0,0,0,"160,632"
,,005,,,,,,,資産債務管理費,,"415,629",0,0,0,"415,629"
,,008,,,,,,,国債費,,"23,477,374,669","539,543,286",0,"539,543,286","24,016,917,955"
,,,20,100,1,30,6,22,,出資国債等償還財源国債整理基金特別会計へ繰入,"238,227,437","443,200,000",0,"443,200,000","681,427,437"
,,,20,100,2,30,6,22,,普通国債等償還財源等国債整理基金特別会計へ繰入,"22,965,021,799","96,343,286",0,"96,343,286","23,061,365,085"
,,,20,100,2,12,9,06,,諸謝金外5目,"274,125,433",0,0,0,"274,125,433"
,,015,,,,,,,産業投資支出財政投融資特別会計へ繰入,,"100,000,000","100,000,000",0,"100,000,000","200,000,000"
,,,95,062,1,95,6,22,,産業投資支出財源財政投融資特別会計投資勘定へ繰入,"100,000,000","100,000,000",0,"100,000,000","200,000,000"
,,007,,,,,,,公務員宿舎施設費,,"7,666,572",0,0,0,"7,666,572"
,,014,,,,,,,特定国有財産整備費,,"1,556,576",0,0,0,"1,556,576"
,,016,,,,,,,特定国有財産整備諸費,,"121,132",0,0,0,"121,132"
,,009,,,,,,,貨幣製造及信用秩序制度等企画立案費,,"16,826,761",0,0,0,"16,826,761"
,,010,,,,,,,関税制度等企画立案費,,"1,655,473",0,0,0,"1,655,473"
,,011,,,,,,,経済協力費,,"119,734,131",0,0,0,"119,734,131"
,,012,,,,,,,政策金融費,,"1,811,363,430","4,806,700,000",0,"4,806,700,000","6,618,063,430"
,,,60,062,1,95,9,24,,株式会社日本政策金融公庫出資金,"1,794,300,000","4,046,000,000",0,"4,046,000,000","5,840,300,000"
,,,95,062,1,95,9,24,,危機対応円滑化業務出資金,"200,000","760,700,000",0,"760,700,000","760,900,000"
,,,95,062,2,40,5,16,,危機対応円滑化業務補助金外2目,"16,863,430",0,0,0,"16,863,430"
,,013,,,,,,,国家公務員共済組合連合会等助成費,,"68,292,433",0,0,0,"68,292,433"
,,064,,,,,,,復興事業費等東日本大震災復興特別会計へ繰入,,"20,875,886",0,0,0,"20,875,886"
,,018,,,,,,,新型コロナウイルス感染症対策予備費,,"1,500,000,000","10,000,000,000",0,"10,000,000,000","11,500,000,000"
,,,94,107,2,95,9,99,,(新型コロナウイルス感染症対策予備費),"1,500,000,000","10,000,000,000",0,"10,000,000,000","11,500,000,000"
,,019,,,,,,,予備費,,"500,000,000",0,0,0,"500,000,000"
文部科学省,文部科学本省,,,,,,,,,,"5,541,956,216","103,781,044",0,"103,781,044","5,645,737,260"
,,001,,,,,,,文部科学本省共通費,,"102,134,354",0,0,0,"102,134,354"
,,003,,,,,,,教育政策推進費,,"43,952,045","754,510",0,"754,510","44,706,555"
,,,15,072,2,12,5,14,,教育政策推進事業委託費,"7,132,890","256,032",0,"256,032","7,388,922"
,,,15,071,2,71,5,16,,国際文化交流促進費補助金,"139,062","498,478",0,"498,478","637,540"
,,,15,072,2,12,9,06,,諸謝金外15目,"36,680,093",0,0,0,"36,680,093"
,,009,,,,,,,独立行政法人教職員支援機構運営費,,"1,214,954",0,0,0,"1,214,954"
,,007,,,,,,,独立行政法人国立青少年教育振興機構運営費,,"9,742,179",0,0,0,"9,742,179"
,,005,,,,,,,独立行政法人国立女性教育会館運営費,,"525,340",0,0,0,"525,340"
,,006,,,,,,,初等中等教育振興費,,"755,600,426","72,143,048",0,"72,143,048","827,743,474"
,,,15,071,2,81,5,16,,教育支援体制整備事業費補助金,"16,033,009","27,037,975",0,"27,037,975","43,070,984"
,,,15,071,2,81,5,16,,学校保健特別対策事業費補助金,"3,209,477","42,091,573",0,"42,091,573","45,301,050"
,,,15,071,2,81,5,16,,教育支援体制整備事業費交付金,"4,722,906","3,013,500",0,"3,013,500","7,736,406"
,,,15,071,2,12,9,06,,諸謝金外30目,"731,635,034",0,0,0,"731,635,034"
,,011,,,,,,,独立行政法人国立特別支援教育総合研究所運営費,,"1,102,796",0,0,0,"1,102,796"
,,013,,,,,,,義務教育費国庫負担金,,"1,522,141,000","3,967,000",0,"3,967,000","1,526,108,000"
,,,11,071,2,81,5,16,,義務教育費国庫負担金,"1,522,141,000","3,967,000",0,"3,967,000","1,526,108,000"
,,014,,,,,,,高等教育振興費,,"44,109,660","2,455,097",0,"2,455,097","46,564,757"
,,,15,071,2,71,5,16,,大学改革推進等補助金,"3,661,029","496,500",0,"496,500","4,157,529"
,,,13,073,2,30,5,16,,独立行政法人国立高等専門学校機構情報機器整備費補助金,"375,000","581,250",0,"581,250","956,250"
,,,13,073,2,30,5,16,,国立大学法人情報機器整備費補助金,"2,426,262","1,123,750",0,"1,123,750","3,550,012"
,,,15,071,2,30,5,16,,国立大学附属病院経営安定特別対策事業費補助金,0,"253,597",0,"253,597","253,597"
,,,15,071,2,12,9,06,,諸謝金外18目,"37,647,369",0,0,0,"37,647,369"
,,015,,,,,,,独立行政法人大学改革支援・学位授与機構運営費,,"2,275,822",0,0,0,"2,275,822"
,,017,,,,,,,独立行政法人国立高等専門学校機構運営費,,"62,332,083","232,155",0,"232,155","62,564,238"
,,,15,071,2,30,5,16,,独立行政法人国立高等専門学校機構運営費交付金,"62,332,083","232,155",0,"232,155","62,564,238"
,,020,,,,,,,独立行政法人国立高等専門学校機構施設整備費,,"7,560,538",0,0,0,"7,560,538"
,,021,,,,,,,育英事業費,,"101,957,274",0,0,0,"101,957,274"
,,022,,,,,,,私立学校振興費,,"559,327,279","16,687,057",0,"16,687,057","576,014,336"
,,,15,071,2,71,5,16,,私立大学等経常費補助金,"290,990,467","9,420,432",0,"9,420,432","300,410,899"
,,,15,071,2,71,5,16,,私立高等学校等経常費助成費補助金,"98,724,000","1,684,000",0,"1,684,000","100,408,000"
,,,13,073,2,92,5,16,,私立学校情報機器整備費補助金,"10,596,525","5,582,625",0,"5,582,625","16,179,150"
,,,15,071,2,12,9,06,,諸謝金外11目,"159,016,287",0,0,0,"159,016,287"
,,023,,,,,,,科学技術・学術政策推進費,,"6,732,256",0,0,0,"6,732,256"
,,027,,,,,,,研究振興費,,"303,626,338","2,100,000",0,"2,100,000","305,726,338"
,,,13,073,2,92,5,16,,先端研究設備整備費補助金,0,"2,100,000",0,"2,100,000","2,100,000"
,,,13,073,2,12,9,06,,諸謝金外22目,"303,626,338",0,0,0,"303,626,338"
,,028,,,,,,,国立大学法人施設整備費,,"78,906,085",0,0,0,"78,906,085"
,,029,,,,,,,国立大学法人船舶建造費,,"5,671,490",0,0,0,"5,671,490"
,,030,,,,,,,国立大学法人運営費,,"1,081,065,904","4,507,177",0,"4,507,177","1,085,573,081"
,,,15,071,2,30,5,16,,国立大学法人運営費交付金,"1,081,065,904","4,507,177",0,"4,507,177","1,085,573,081"
,,031,,,,,,,独立行政法人日本学術振興会運営費,,"26,567,080",0,0,0,"26,567,080"
,,032,,,,,,,研究開発推進費,,"143,702,843","935,000",0,"935,000","144,637,843"
,,,13,073,2,30,5,16,,医療研究開発推進事業費補助金,"56,086,355","935,000",0,"935,000","57,021,355"
,,,13,073,2,12,9,06,,諸謝金外35目,"87,616,488",0,0,0,"87,616,488"
,,039,,,,,,,国立研究開発法人物質・材料研究機構運営費,,"13,787,272",0,0,0,"13,787,272"
,,041,,,,,,,国立研究開発法人日本医療研究開発機構運営費,,"5,924,931",0,0,0,"5,924,931"
,,033,,,,,,,国立研究開発法人科学技術振興機構運営費,,"100,271,984",0,0,0,"100,271,984"
,,064,,,,,,,国立研究開発法人科学技術振興機構施設整備費,,"189,181",0,0,0,"189,181"
,,049,,,,,,,国立研究開発法人理化学研究所運営費,,"53,549,284",0,0,0,"53,549,284"
,,042,,,,,,,国立研究開発法人量子科学技術研究開発機構運営費,,"21,535,063",0,0,0,"21,535,063"
,,043,,,,,,,国立研究開発法人量子科学技術研究開発機構施設整備費,,"826,828",0,0,0,"826,828"
,,051,,,,,,,国立研究開発法人防災科学技術研究所運営費,,"7,608,976",0,0,0,"7,608,976"
,,034,,,,,,,南極地域観測事業費,,"4,094,428",0,0,0,"4,094,428"
,,044,,,,,,,電源開発促進税財源電源立地対策及電源利用対策費エネルギー対策特別会計へ繰入,,"107,715,472",0,0,0,"107,715,472"
,,066,,,,,,,電源立地対策費エネルギー対策特別会計へ繰入,,"868,330",0,0,0,"868,330"
,,036,,,,,,,国立研究開発法人海洋研究開発機構運営費,,"31,843,418",0,0,0,"31,843,418"
,,038,,,,,,,国立研究開発法人海洋研究開発機構船舶建造費,,"616,611",0,0,0,"616,611"
,,047,,,,,,,国立研究開発法人宇宙航空研究開発機構運営費,,"118,447,193",0,0,0,"118,447,193"
,,048,,,,,,,国立研究開発法人宇宙航空研究開発機構施設整備費,,"1,120,832",0,0,0,"1,120,832"
,,045,,,,,,,国立研究開発法人日本原子力研究開発機構運営費,,"36,463,213",0,0,0,"36,463,213"
,,054,,,,,,,公立文教施設整備費,,"129,812,239",0,0,0,"129,812,239"
,,057,,,,,,,文化振興費,,"924,000",0,0,0,"924,000"
,,058,,,,,,,国際交流・協力推進費,,"30,405,375",0,0,0,"30,405,375"
,,059,,,,,,,独立行政法人日本学生支援機構運営費,,"15,703,840",0,0,0,"15,703,840"
,スポーツ庁,,,,,,,,,,"32,002,332","2,010,113",0,"2,010,113","34,012,445"
,,101,,,,,,,スポーツ庁共通費,,"1,272,848",0,0,0,"1,272,848"
,,102,,,,,,,初等中等教育振興費,,"25,110",0,0,0,"25,110"
,,103,,,,,,,私立学校振興費,,"80,000",0,0,0,"80,000"
,,104,,,,,,,スポーツ振興費,,"10,874,293","2,010,113",0,"2,010,113","12,884,406"
,,,15,072,2,71,5,16,,民間スポーツ振興費等補助金,"2,341,222","1,166,479",0,"1,166,479","3,507,701"
,,,15,072,2,81,5,16,,地方スポーツ振興費補助金,"966,479","843,634",0,"843,634","1,810,113"
,,,15,072,2,12,9,06,,諸謝金外9目,"7,566,592",0,0,0,"7,566,592"
,,107,,,,,,,独立行政法人日本スポーツ振興センター運営費,,"19,570,081",0,0,0,"19,570,081"
,,108,,,,,,,独立行政法人日本スポーツ振興センター施設整備費,,"180,000",0,0,0,"180,000"
,文化庁,,,,,,,,,,"112,837,181","55,958,372",0,"55,958,372","168,795,553"
,,081,,,,,,,文化庁共通費,,"3,360,137",0,0,0,"3,360,137"
,,082,,,,,,,文化振興費,,"28,513,026","55,958,372",0,"55,958,372","84,471,398"
,,,95,072,2,12,5,14,,文化芸術振興委託費,"15,522,174","5,040,000",0,"5,040,000","20,562,174"
,,,95,072,2,40,5,16,,活動継続・技能向上等支援事業費補助金,0,"50,918,372",0,"50,918,372","50,918,372"
,,,95,072,2,12,9,06,,諸謝金外9目,"12,990,852",0,0,0,"12,990,852"
,,088,,,,,,,文化財保存事業費,,"45,629,717",0,0,0,"45,629,717"
,,089,,,,,,,文化財保存施設整備費,,"609,214",0,0,0,"609,214"
,,093,,,,,,,文化振興基盤整備費,,"2,970,359",0,0,0,"2,970,359"
,,083,,,,,,,日本芸術院,,"525,818",0,0,0,"525,818"
,,097,,,,,,,独立行政法人国立科学博物館運営費,,"2,731,759",0,0,0,"2,731,759"
,,098,,,,,,,独立行政法人国立科学博物館施設整備費,,"133,102",0,0,0,"133,102"
,,084,,,,,,,独立行政法人国立美術館運営費,,"7,552,265",0,0,0,"7,552,265"
,,085,,,,,,,独立行政法人国立美術館施設整備費,,"1,381,000",0,0,0,"1,381,000"
,,090,,,,,,,独立行政法人国立文化財機構運営費,,"8,633,262",0,0,0,"8,633,262"
,,091,,,,,,,独立行政法人国立文化財機構施設整備費,,"197,737",0,0,0,"197,737"
,,086,,,,,,,独立行政法人日本芸術文化振興会運営費,,"10,599,785",0,0,0,"10,599,785"
厚生労働省,厚生労働本省,,,,,,,,,,"33,572,657,682","3,836,226,591",0,"3,836,226,591","37,408,884,273"
,,001,,,,,,,厚生労働本省共通費,,"110,678,793",0,0,0,"110,678,793"
,,002,,,,,,,厚生労働本省施設費,,"260,099",0,0,0,"260,099"
,,003,,,,,,,医療提供体制確保対策費,,"27,510,873",0,0,0,"27,510,873"
,,004,,,,,,,医療従事者等確保対策費,,"590,248",0,0,0,"590,248"
,,005,,,,,,,医療従事者資質向上対策費,,"232,152",0,0,0,"232,152"
,,006,,,,,,,医療情報化等推進費,,"2,634,259",0,0,0,"2,634,259"
,,007,,,,,,,医療安全確保推進費,,"1,348,493",0,0,0,"1,348,493"
,,010,,,,,,,独立行政法人国立病院機構運営費,,"15,041,542",0,0,0,"15,041,542"
,,171,,,,,,,国立研究開発法人国立がん研究センター運営費,,"6,459,097",0,0,0,"6,459,097"
,,172,,,,,,,国立研究開発法人国立がん研究センター施設整備費,,"173,590",0,0,0,"173,590"
,,173,,,,,,,国立研究開発法人国立循環器病研究センター運営費,,"3,984,461",0,0,0,"3,984,461"
,,174,,,,,,,国立研究開発法人国立精神・神経医療研究センター運営費,,"4,020,349",0,0,0,"4,020,349"
,,175,,,,,,,国立研究開発法人国立精神・神経医療研究センター施設整備費,,"1,049,476",0,0,0,"1,049,476"
,,176,,,,,,,国立研究開発法人国立国際医療研究センター運営費,,"5,870,005",0,0,0,"5,870,005"
,,177,,,,,,,国立研究開発法人国立国際医療研究センター施設整備費,,"79,151",0,0,0,"79,151"
,,178,,,,,,,国立研究開発法人国立成育医療研究センター運営費,,"3,191,121",0,0,0,"3,191,121"
,,184,,,,,,,国立研究開発法人国立成育医療研究センター施設整備費,,"500,500",0,0,0,"500,500"
,,179,,,,,,,国立研究開発法人国立長寿医療研究センター運営費,,"2,972,260",0,0,0,"2,972,260"
,,183,,,,,,,国立研究開発法人国立長寿医療研究センター施設整備費,,"697,073",0,0,0,"697,073"
,,012,,,,,,,感染症対策費,,"553,034,906","2,881,419,393",0,"2,881,419,393","3,434,454,299"
,,,07,086,2,12,3,09,,健康対策関係業務庁費,"212,702,185","445,868,409",0,"445,868,409","658,570,594"
,,,07,086,2,12,3,09,,医薬品製剤化等業務庁費,"277,345","5,720",0,"5,720","283,065"
,,,95,016,2,12,3,09,,感染症流行予測調査費,"287,848","1,372,137",0,"1,372,137","1,659,985"
,,,07,086,2,12,3,09,,ワクチン等購入費,"548,166","4,987,125",0,"4,987,125","5,535,291"
,,,07,086,2,12,3,09,,医薬品等保管料,"118,927","47,172",0,"47,172","166,099"
,,,07,086,2,12,3,09,,医薬品買上費,"19,334,472","17,884,016",0,"17,884,016","37,218,488"
,,,07,086,2,84,5,16,,感染症予防事業費等負担金,"7,179,230","36,601,875",0,"36,601,875","43,781,105"
,,,07,086,2,71,5,16,,新型コロナウイルスワクチン等生産体制整備臨時特例交付金,0,"137,680,439",0,"137,680,439","137,680,439"
,,,07,086,2,81,5,16,,新型コロナウイルス感染症緊急包括支援交付金,"149,030,377","2,236,972,500",0,"2,236,972,500","2,386,002,877"
,,,95,016,2,12,9,06,,諸謝金外19目,"163,556,356",0,0,0,"163,556,356"
,,013,,,,,,,特定疾患等対策費,,"139,036,630",0,0,0,"139,036,630"
,,014,,,,,,,移植医療推進費,,"3,202,704",0,0,0,"3,202,704"
,,015,,,,,,,原爆被爆者等援護対策費,,"121,848,494",0,0,0,"121,848,494"
,,016,,,,,,,医薬品承認審査等推進費,,"1,175,483",0,0,0,"1,175,483"
,,017,,,,,,,医薬品安全対策等推進費,,"2,311,081",0,0,0,"2,311,081"
,,018,,,,,,,医薬品適正使用推進費,,"667,881","1,084,760",0,"1,084,760","1,752,641"
,,,95,016,2,12,5,14,,衛生関係指導者養成等委託費,"503,372","1,084,760",0,"1,084,760","1,588,132"
,,,95,016,2,12,9,06,,諸謝金外7目,"164,509",0,0,0,"164,509"
,,019,,,,,,,血液製剤対策費,,"629,252",0,0,0,"629,252"
,,021,,,,,,,医療技術実用化等推進費,,"5,147,735","30,822",0,"30,822","5,178,557"
,,,95,016,2,12,5,14,,薬事経済調査委託費,"61,506","30,822",0,"30,822","92,328"
,,,95,016,2,12,9,06,,諸謝金外9目,"5,086,229",0,0,0,"5,086,229"
,,022,,,,,,,医療提供体制基盤整備費,,"211,416,278","351,522",0,"351,522","211,767,800"
,,,07,086,2,81,5,16,,医療提供体制推進事業費補助金,"23,162,181","351,522",0,"351,522","23,513,703"
,,,07,086,2,85,5,16,,医療提供体制効率化支援補助金外5目,"188,254,097",0,0,0,"188,254,097"
,,023,,,,,,,独立行政法人医薬品医療機器総合機構運営費,,"2,265,089",0,0,0,"2,265,089"
,,024,,,,,,,医療保険給付諸費,,"10,246,928,861","3,496,864",0,"3,496,864","10,250,425,725"
,,,06,081,2,71,5,16,,審査支払関係業務費補助金,0,"3,496,864",0,"3,496,864","3,496,864"
,,,95,016,2,12,9,06,,諸謝金外35目,"10,246,928,861",0,0,0,"10,246,928,861"
,,025,,,,,,,健康保険事業借入金諸費年金特別会計へ繰入,,"5,833,163",0,0,0,"5,833,163"
,,026,,,,,,,医療費適正化推進費,,"26,114,154",0,0,0,"26,114,154"
,,029,,,,,,,地域保健対策費,,"3,815,667",0,0,0,"3,815,667"
,,030,,,,,,,保健衛生施設整備費,,"5,146,940",0,0,0,"5,146,940"
,,031,,,,,,,健康増進対策費,,"17,488,102",0,0,0,"17,488,102"
,,032,,,,,,,健康危機管理推進費,,"375,893",0,0,0,"375,893"
,,033,,,,,,,食品等安全確保対策費,,"2,288,094",0,0,0,"2,288,094"
,,034,,,,,,,水道安全対策費,,"89,953",0,0,0,"89,953"
,,035,,,,,,,水道施設整備費,,"8,097,000",0,0,0,"8,097,000"
,,195,,,,,,,生活基盤施設耐震化等対策費,,"41,766,000",0,0,0,"41,766,000"
,,036,,,,,,,麻薬・覚醒剤等対策費,,"556,664",0,0,0,"556,664"
,,037,,,,,,,化学物質安全対策費,,"310,915",0,0,0,"310,915"
,,038,,,,,,,生活衛生対策費,,"34,727,487","18,948,651",0,"18,948,651","53,676,138"
,,,95,016,2,81,5,16,,生活衛生関係営業対策事業費補助金,"2,001,525","432,651",0,"432,651","2,434,176"
,,,07,086,1,95,9,24,,株式会社日本政策金融公庫出資金,"28,713,000","18,516,000",0,"18,516,000","47,229,000"
,,,95,016,2,12,9,06,,諸謝金外7目,"4,012,962",0,0,0,"4,012,962"
,,039,,,,,,,労働条件確保・改善対策費,,"217,113",0,0,0,"217,113"
,,096,,,,,,,中小企業最低賃金引上げ支援対策費,,"1,086,613",0,0,0,"1,086,613"
,,041,,,,,,,労働者災害補償保険保険給付費労働保険特別会計へ繰入,,"8,683",0,0,0,"8,683"
,,092,,,,,,,職務上年金給付費年金特別会計へ繰入,,"1,112",0,0,0,"1,112"
,,045,,,,,,,独立行政法人労働政策研究・研修機構運営費,,"406,787",0,0,0,"406,787"
,,046,,,,,,,独立行政法人労働政策研究・研修機構施設整備費,,"23,353",0,0,0,"23,353"
,,056,,,,,,,男女均等雇用対策費,,"137,253",0,0,0,"137,253"
,,048,,,,,,,高齢者等雇用安定・促進費,,"117,684,134","129,813,312",0,"129,813,312","247,497,446"
,,,08,085,2,60,9,06,,職業転換等特別給付金,"107,555,572","128,050,431",0,"128,050,431","235,606,003"
,,,08,085,2,12,2,08,,障害者等雇用安定促進業務職員旅費,"2,026","1,019",0,"1,019","3,045"
,,,08,085,2,12,3,09,,障害者等雇用安定促進業務庁費,"160,323","45,621",0,"45,621","205,944"
,,,08,085,2,12,5,14,,高齢者等雇用安定促進事業委託費,"1,172,716","1,716,241",0,"1,716,241","2,888,957"
,,,95,016,2,12,9,06,,諸謝金外13目,"8,793,497",0,0,0,"8,793,497"
,,049,,,,,,,失業等給付費等労働保険特別会計へ繰入,,"27,459,500","323,113,928",0,"323,113,928","350,573,428"
,,,08,081,2,71,6,22,,労働保険特別会計へ繰入,"18,831,500","323,113,928",0,"323,113,928","341,945,428"
,,,05,081,2,71,6,22,,育児休業給付金労働保険特別会計へ繰入,"8,628,000",0,0,0,"8,628,000"
,,097,,,,,,,就職支援法事業費労働保険特別会計へ繰入,,"1,086,006",0,0,0,"1,086,006"
,,052,,,,,,,職業能力開発強化費,,"5,121,433",0,0,0,"5,121,433"
,,053,,,,,,,若年者等職業能力開発支援費,,"73,343",0,0,0,"73,343"
,,054,,,,,,,障害者等職業能力開発支援費,,"4,105,482",0,0,0,"4,105,482"
,,055,,,,,,,独立行政法人高齢・障害・求職者雇用支援機構運営費,,"867,964",0,0,0,"867,964"
,,058,,,,,,,保育対策費,,"119,871,883",0,0,0,"119,871,883"
,,060,,,,,,,児童虐待等防止対策費,,"158,302,022","4,428,166",0,"4,428,166","162,730,188"
,,,06,083,2,81,5,16,,児童福祉事業対策費等補助金,"20,033,520","4,428,166",0,"4,428,166","24,461,686"
,,,95,016,2,12,9,06,,諸謝金外13目,"138,268,502",0,0,0,"138,268,502"
,,061,,,,,,,母子保健衛生対策費,,"29,388,830","17,749,964",0,"17,749,964","47,138,794"
,,,06,083,2,81,5,16,,母子保健衛生費補助金,"25,145,304","17,749,964",0,"17,749,964","42,895,268"
,,,95,016,2,12,9,06,,諸謝金外13目,"4,243,526",0,0,0,"4,243,526"
,,062,,,,,,,母子家庭等対策費,,"175,704,164","136,544,076",0,"136,544,076","312,248,240"
,,,06,083,2,12,3,09,,母子家庭等対策業務庁費,0,"309,839",0,"309,839","309,839"
,,,06,083,2,81,5,16,,母子家庭等対策費補助金,"13,351,397","136,234,237",0,"136,234,237","149,585,634"
,,,95,016,2,12,9,06,,諸謝金外8目,"162,352,767",0,0,0,"162,352,767"
,,094,,,,,,,子ども・子育て支援対策費,,"4,367,051",0,0,0,"4,367,051"
,,063,,,,,,,児童福祉施設整備費,,"15,661,999",0,0,0,"15,661,999"
,,064,,,,,,,生活保護等対策費,,"2,974,314,442","221,573,339",0,"221,573,339","3,195,887,781"
,,,06,083,2,12,5,14,,自立相談支援事業従事者養成研修等委託費,"819,840","747,406",0,"747,406","1,567,246"
,,,06,083,2,81,5,16,,生活困窮者就労準備支援事業費等補助金,"83,161,153","213,476,083",0,"213,476,083","296,637,236"
,,,06,083,2,81,5,16,,生活困窮者自立相談支援事業費等負担金,"25,453,500","7,349,850",0,"7,349,850","32,803,350"
,,,95,016,2,12,9,06,,諸謝金外15目,"2,864,879,949",0,0,0,"2,864,879,949"
,,196,,,,,,,自殺対策費,,"3,566,186","865,188",0,"865,188","4,431,374"
,,,07,086,2,81,5,16,,地域自殺対策強化交付金,"2,902,030","865,188",0,"865,188","3,767,218"
,,,95,016,2,12,9,06,,諸謝金外5目,"664,156",0,0,0,"664,156"
,,067,,,,,,,社会福祉諸費,,"36,129,812","145,984",0,"145,984","36,275,796"
,,,06,083,2,71,5,16,,民間社会福祉事業助成費補助金,"272,860","145,984",0,"145,984","418,844"
,,,06,083,2,95,9,07,,褒賞品費外12目,"35,856,952",0,0,0,"35,856,952"
,,068,,,,,,,遺族及留守家族等援護費,,"8,029,202",0,0,0,"8,029,202"
,,069,,,,,,,戦没者慰霊事業費,,"3,637,196",0,0,0,"3,637,196"
,,070,,,,,,,中国残留邦人等支援事業費,,"1,111,637",0,0,0,"1,111,637"
,,071,,,,,,,恩給進達等実施費,,"216,441",0,0,0,"216,441"
,,072,,,,,,,障害保健福祉費,,"2,155,055,063","3,417,992",0,"3,417,992","2,158,473,055"
,,,95,016,2,12,5,14,,保健福祉調査委託費,"574,845","101,252",0,"101,252","676,097"
,,,06,083,2,81,5,16,,障害者総合支援事業費補助金,"22,330,626","3,316,740",0,"3,316,740","25,647,366"
,,,95,016,2,12,9,06,,諸謝金外35目,"2,132,149,592",0,0,0,"2,132,149,592"
,,073,,,,,,,独立行政法人国立重度知的障害者総合施設のぞみの園運営費,,"1,303,109",0,0,0,"1,303,109"
,,074,,,,,,,独立行政法人国立重度知的障害者総合施設のぞみの園施設整備費,,"98,913",0,0,0,"98,913"
,,075,,,,,,,特別障害給付金給付費年金特別会計へ繰入,,"2,732,894",0,0,0,"2,732,894"
,,076,,,,,,,社会福祉施設整備費,,"20,281,445",0,0,0,"20,281,445"
,,077,,,,,,,独立行政法人福祉医療機構運営費,,"1,950,243","216,003",0,"216,003","2,166,246"
,,,06,083,2,40,5,16,,独立行政法人福祉医療機構一般勘定運営費交付金,"1,210,360","216,003",0,"216,003","1,426,363"
,,,06,083,2,40,5,16,,独立行政法人福祉医療機構共済勘定運営費交付金外1目,"739,883",0,0,0,"739,883"
,,100,,,,,,,独立行政法人福祉医療機構出資,,"4,148,069","32,758,715",0,"32,758,715","36,906,784"
,,,06,083,1,95,9,24,,独立行政法人福祉医療機構出資金,"4,148,069","32,758,715",0,"32,758,715","36,906,784"
,,078,,,,,,,公的年金制度等運営諸費,,"500,251,920",0,0,0,"500,251,920"
,,079,,,,,,,基礎年金拠出金等年金特別会計へ繰入,,"11,964,423,852",0,0,0,"11,964,423,852"
,,080,,,,,,,私的年金制度整備運営費,,"3,633,386",0,0,0,"3,633,386"
,,081,,,,,,,高齢者日常生活支援等推進費,,"202,592,432",0,0,0,"202,592,432"
,,082,,,,,,,介護保険制度運営推進費,,"3,172,844,712","267,912",0,"267,912","3,173,112,624"
,,,06,081,2,12,5,14,,要介護認定調査委託費,"3,887,716","206,815",0,"206,815","4,094,531"
,,,06,081,2,81,5,16,,介護保険事業費補助金,"18,610,852","61,097",0,"61,097","18,671,949"
,,,06,081,2,12,9,06,,諸謝金外19目,"3,150,346,144",0,0,0,"3,150,346,144"
,,084,,,,,,,業務取扱費年金特別会計へ繰入,,"110,072,203",0,0,0,"110,072,203"
,,085,,,,,,,国際機関活動推進費,,"30,382,749",0,0,0,"30,382,749"
,,086,,,,,,,国際協力費,,"232,289",0,0,0,"232,289"
,,087,,,,,,,厚生労働調査研究等推進費,,"73,336,945","60,000,000",0,"60,000,000","133,336,945"
,,,13,087,2,30,5,16,,医療研究開発推進事業費補助金,"50,777,315","5,000,000",0,"5,000,000","55,777,315"
,,,07,086,2,71,5,16,,厚生労働行政推進調査事業費補助金,"3,131,563","5,000,000",0,"5,000,000","8,131,563"
,,,13,073,2,30,5,16,,革新的研究開発推進基金補助金,"66,667","50,000,000",0,"50,000,000","50,066,667"
,,,13,087,2,12,9,06,,諸謝金外10目,"19,361,400",0,0,0,"19,361,400"
,,089,,,,,,,国立研究開発法人医薬基盤・健康・栄養研究所運営費,,"3,847,420",0,0,0,"3,847,420"
,,090,,,,,,,国立研究開発法人医薬基盤・健康・栄養研究所施設整備費,,"46,750",0,0,0,"46,750"
,,194,,,,,,,社会保障・税番号活用推進費,,"14,916,679",0,0,0,"14,916,679"
,,091,,,,,,,水道施設整備事業調査諸費,,"3,000",0,0,0,"3,000"
,,191,,,,,,,水道施設災害復旧事業費,,"356,000",0,0,0,"356,000"
,検疫所,,,,,,,,,,"16,171,404","6,269,859",0,"6,269,859","22,441,263"
,,101,,,,,,,検疫所共通費,,"8,583,461",0,0,0,"8,583,461"
,,102,,,,,,,検疫所施設費,,"151,742",0,0,0,"151,742"
,,103,,,,,,,検疫業務等実施費,,"5,402,205","6,269,859",0,"6,269,859","11,672,064"
,,,07,086,2,12,2,08,,検疫旅費,"73,566","63,734",0,"63,734","137,300"
,,,07,086,2,12,3,09,,検疫庁費,"4,990,002","6,206,125",0,"6,206,125","11,196,127"
,,,07,086,2,12,9,06,,諸謝金外8目,"338,637",0,0,0,"338,637"
,,104,,,,,,,輸入食品検査業務実施費,,"2,033,996",0,0,0,"2,033,996"
,都道府県労働局,,,,,,,,,,"97,888,566","8,162,892",0,"8,162,892","106,051,458"
,,151,,,,,,,都道府県労働局共通費,,"88,693,090",0,0,0,"88,693,090"
,,152,,,,,,,都道府県労働局施設費,,"195,396",0,0,0,"195,396"
,,153,,,,,,,労働条件確保・改善対策費,,"693,357",0,0,0,"693,357"
,,158,,,,,,,男女均等雇用対策費,,"133,201",0,0,0,"133,201"
,,155,,,,,,,個別労働紛争対策費,,"83,501",0,0,0,"83,501"
,,156,,,,,,,職業紹介事業等実施費,,"35,253",0,0,0,"35,253"
,,157,,,,,,,高齢者等雇用安定・促進費,,"6,502,187","8,162,892",0,"8,162,892","14,665,079"
,,,08,085,2,12,9,06,,障害者等雇用安定促進業務諸謝金,"3,465,780","5,746,559",0,"5,746,559","9,212,339"
,,,08,085,2,12,3,09,,障害者等雇用安定促進業務庁費,"1,323,668","2,416,333",0,"2,416,333","3,740,001"
,,,95,083,2,12,9,06,,諸謝金外8目,"1,712,739",0,0,0,"1,712,739"
,,159,,,,,,,若年者等職業能力開発支援費,,"1,552,581",0,0,0,"1,552,581"
農林水産省,農林水産本省,,,,,,,,,,"1,808,347,763","41,363,910",0,"41,363,910","1,849,711,673"
,,001,,,,,,,農林水産本省共通費,,"98,546,322",0,0,0,"98,546,322"
,,002,,,,,,,農林水産本省施設費,,"526,471",0,0,0,"526,471"
,,003,,,,,,,食品の安全・消費者の信頼確保対策費,,"1,497,481",0,0,0,"1,497,481"
,,004,,,,,,,独立行政法人農林水産消費安全技術センター運営費,,"6,873,178",0,0,0,"6,873,178"
,,005,,,,,,,独立行政法人農林水産消費安全技術センター施設整備費,,"36,486",0,0,0,"36,486"
,,006,,,,,,,国産農産物消費拡大対策費,,"137,193,937","20,037,000",0,"20,037,000","157,230,937"
,,,65,061,2,40,5,16,,経営継続対策事業費補助金,0,"20,037,000",0,"20,037,000","20,037,000"
,,,65,061,2,12,9,06,,諸謝金外6目,"137,193,937",0,0,0,"137,193,937"
,,007,,,,,,,農林水産物・食品輸出促進対策費,,"17,296,301",0,0,0,"17,296,301"
,,008,,,,,,,食料安全保障確立対策費,,"26,561,116",0,0,0,"26,561,116"
,,009,,,,,,,食料安全保障確立対策費食料安定供給特別会計へ繰入,,"89,000,000",0,0,0,"89,000,000"
,,010,,,,,,,担い手育成・確保等対策費,,"251,212,166","21,326,910",0,"21,326,910","272,539,076"
,,,65,061,2,71,5,16,,農業経営金融支援対策費補助金,"9,095,838","2,134,650",0,"2,134,650","11,230,488"
,,,65,061,2,40,5,16,,農業信用保険事業交付金,"1,711,770","1,233,750",0,"1,233,750","2,945,520"
,,,65,061,2,40,5,16,,株式会社日本政策金融公庫補給金,"17,378,325","549,510",0,"549,510","17,927,835"
,,,65,061,1,95,9,24,,株式会社日本政策金融公庫出資金,"15,839,000","17,409,000",0,"17,409,000","33,248,000"
,,,65,061,2,12,9,06,,諸謝金外21目,"207,187,233",0,0,0,"207,187,233"
,,011,,,,,,,独立行政法人農業者年金基金運営費,,"3,410,009",0,0,0,"3,410,009"
,,012,,,,,,,農業経営安定事業費等食料安定供給特別会計へ繰入,,"95,825,164",0,0,0,"95,825,164"
,,013,,,,,,,共済掛金国庫負担金等食料安定供給特別会計へ繰入,,"55,728,008",0,0,0,"55,728,008"
,,014,,,,,,,農地集積・集約化等対策費,,"49,571,263",0,0,0,"49,571,263"
,,015,,,,,,,農業生産基盤整備推進費,,"28,310,871",0,0,0,"28,310,871"
,,016,,,,,,,海岸事業費,,"3,539,700",0,0,0,"3,539,700"
,,017,,,,,,,農業生産基盤整備事業費,,"231,828,006",0,0,0,"231,828,006"
,,018,,,,,,,農業生産基盤整備事業費食料安定供給特別会計へ繰入,,"6,877,000",0,0,0,"6,877,000"
,,019,,,,,,,国産農産物生産・供給体制強化対策費,,"410,282,060",0,0,0,"410,282,060"
,,020,,,,,,,牛肉等関税財源国産畜産物生産・供給体制強化対策費,,"37,745,700",0,0,0,"37,745,700"
,,021,,,,,,,独立行政法人農畜産業振興機構運営費,,"2,653,227",0,0,0,"2,653,227"
,,022,,,,,,,独立行政法人家畜改良センター運営費,,"7,025,232",0,0,0,"7,025,232"
,,023,,,,,,,独立行政法人家畜改良センター施設整備費,,"151,038",0,0,0,"151,038"
,,024,,,,,,,農林水産政策研究所,,"1,089,091",0,0,0,"1,089,091"
,,026,,,,,,,国立研究開発法人農業・食品産業技術総合研究機構運営費,,"1,578,379",0,0,0,"1,578,379"
,,027,,,,,,,国立研究開発法人農業・食品産業技術総合研究機構施設整備費,,"145,902",0,0,0,"145,902"
,,028,,,,,,,農業・食品産業強化対策費,,"34,562,769",0,0,0,"34,562,769"
,,030,,,,,,,農林水産業気候変動・生物多様性保全等対策費,,"154,047",0,0,0,"154,047"
,,031,,,,,,,環境保全型農業生産対策費,,"2,497,021",0,0,0,"2,497,021"
,,032,,,,,,,農村地域資源維持・継承等対策費,,"74,864,762",0,0,0,"74,864,762"
,,044,,,,,,,6次産業化市場規模拡大対策費,,"7,431,576",0,0,0,"7,431,576"
,,033,,,,,,,農山漁村6次産業化対策費,,"3,236,842",0,0,0,"3,236,842"
,,035,,,,,,,農山漁村活性化対策費,,"19,870,146",0,0,0,"19,870,146"
,,036,,,,,,,農山漁村地域整備事業費,,"80,732,000",0,0,0,"80,732,000"
,,037,,,,,,,農林水産統計調査費,,"6,460,327",0,0,0,"6,460,327"
,,038,,,,,,,風水害等対策費,,"25,463",0,0,0,"25,463"
,,039,,,,,,,受託工事等実施費,,"4,576,240",0,0,0,"4,576,240"
,,040,,,,,,,海岸事業調査諸費,,"3,509",0,0,0,"3,509"
,,041,,,,,,,農業生産基盤整備事業調査諸費,,"1,137,510",0,0,0,"1,137,510"
,,042,,,,,,,農業施設災害復旧事業費,,"7,874,859",0,0,0,"7,874,859"
,,043,,,,,,,農業施設災害関連事業費,,"416,584",0,0,0,"416,584"
,林野庁,,,,,,,,,,"321,673,033","745,781",0,"745,781","322,418,814"
,,101,,,,,,,林野庁共通費,,"33,207,199",0,0,0,"33,207,199"
,,102,,,,,,,林野庁施設費,,"1,051,160",0,0,0,"1,051,160"
,,103,,,,,,,国立研究開発法人森林研究・整備機構運営費,,"10,462,755",0,0,0,"10,462,755"
,,104,,,,,,,国立研究開発法人森林研究・整備機構施設整備費,,"214,318",0,0,0,"214,318"
,,105,,,,,,,森林整備・保全費,,"6,228,550",0,0,0,"6,228,550"
,,106,,,,,,,国有林野産物等売払及管理処分業務費,,"16,322,882",0,0,0,"16,322,882"
,,107,,,,,,,治山事業費,,"66,358,000",0,0,0,"66,358,000"
,,108,,,,,,,森林整備事業費,,"122,039,657",0,0,0,"122,039,657"
,,109,,,,,,,借入金利子国有林野事業債務管理特別会計へ繰入,,"1,534,688",0,0,0,"1,534,688"
,,110,,,,,,,国有林野事業収入財源借入金債務処理費国有林野事業債務管理特別会計へ繰入,,"21,117,693",0,0,0,"21,117,693"
,,111,,,,,,,林業振興対策費,,"5,946,779",0,0,0,"5,946,779"
,,112,,,,,,,林産物供給等振興対策費,,"5,263,010","745,781",0,"745,781","6,008,791"
,,,95,061,2,40,5,16,,林産物供給等振興事業費補助金,"3,423,047","95,781",0,"95,781","3,518,828"
,,,95,061,1,95,9,24,,株式会社日本政策金融公庫出資金,"96,000","650,000",0,"650,000","746,000"
,,,95,061,2,12,9,06,,諸謝金外5目,"1,743,963",0,0,0,"1,743,963"
,,113,,,,,,,森林整備・林業等振興対策費,,"8,495,999",0,0,0,"8,495,999"
,,114,,,,,,,治山事業工事諸費,,"5,567,000",0,0,0,"5,567,000"
,,115,,,,,,,森林整備事業工事諸費,,"7,706,343",0,0,0,"7,706,343"
,,116,,,,,,,山林施設災害復旧事業費,,"5,266,520",0,0,0,"5,266,520"
,,117,,,,,,,山林施設災害関連事業費,,"4,832,284",0,0,0,"4,832,284"
,,118,,,,,,,山林施設災害復旧事業等工事諸費,,"58,196",0,0,0,"58,196"
,水産庁,,,,,,,,,,"171,096,005","12,845,318",0,"12,845,318","183,941,323"
,,131,,,,,,,水産庁共通費,,"7,882,735",0,0,0,"7,882,735"
,,132,,,,,,,水産庁施設費,,"77,079",0,0,0,"77,079"
,,133,,,,,,,食料安全保障確立対策費,,"633,630",0,0,0,"633,630"
,,134,,,,,,,国立研究開発法人水産研究・教育機構運営費,,"16,940,964",0,0,0,"16,940,964"
,,135,,,,,,,国立研究開発法人水産研究・教育機構施設整備費,,"343,069",0,0,0,"343,069"
,,137,,,,,,,水産資源回復対策費,,"27,888,508",0,0,0,"27,888,508"
,,138,,,,,,,船舶建造費,,"3,052,240",0,0,0,"3,052,240"
,,139,,,,,,,漁業経営安定対策費,,"45,598,056","12,845,318",0,"12,845,318","58,443,374"
,,,65,061,2,40,5,16,,漁業経営安定対策事業費補助金,"42,418,657","100,870",0,"100,870","42,519,527"
,,,65,061,2,40,5,16,,漁業経営維持安定資金利子補給等補助金,"183,250","133,568",0,"133,568","316,818"
,,,65,061,2,40,5,16,,漁業信用保険事業交付金,"1,401,519","110,880",0,"110,880","1,512,399"
,,,65,061,1,95,9,24,,株式会社日本政策金融公庫出資金,"1,000,000","12,500,000",0,"12,500,000","13,500,000"
,,,65,061,2,12,9,06,,諸謝金外8目,"594,630",0,0,0,"594,630"
,,140,,,,,,,保険料国庫負担金等食料安定供給特別会計へ繰入,,"17,881,438",0,0,0,"17,881,438"
,,141,,,,,,,漁村振興対策費,,"8,824,631",0,0,0,"8,824,631"
,,142,,,,,,,海岸事業費,,"1,244,063",0,0,0,"1,244,063"
,,143,,,,,,,水産基盤整備費,,"37,533,287",0,0,0,"37,533,287"
,,144,,,,,,,水産業強化対策費,,"2,004,207",0,0,0,"2,004,207"
,,145,,,,,,,海岸事業調査諸費,,"4,937",0,0,0,"4,937"
,,146,,,,,,,水産基盤整備事業工事諸費,,"55,713",0,0,0,"55,713"
,,147,,,,,,,漁港施設災害復旧事業費,,"1,109,448",0,0,0,"1,109,448"
,,148,,,,,,,漁港施設災害関連事業費,,"22,000",0,0,0,"22,000"
経済産業省,経済産業本省,,,,,,,,,,"2,646,217,726","2,699,645",0,"2,699,645","2,648,917,371"
,,001,,,,,,,経済産業本省共通費,,"47,787,164",0,0,0,"47,787,164"
,,002,,,,,,,経済産業本省施設費,,"1,454,764",0,0,0,"1,454,764"
,,003,,,,,,,産業・事業新陳代謝促進費,,"1,004,171",0,0,0,"1,004,171"
,,004,,,,,,,独立行政法人経済産業研究所運営費,,"1,750,008",0,0,0,"1,750,008"
,,005,,,,,,,技術革新促進・環境整備費,,"3,623,033",0,0,0,"3,623,033"
,,006,,,,,,,登録免許税納付確認等事務費特許特別会計へ繰入,,"17,806",0,0,0,"17,806"
,,007,,,,,,,国立研究開発法人産業技術総合研究所運営費,,"61,600,018",0,0,0,"61,600,018"
,,008,,,,,,,国立研究開発法人新エネルギー・産業技術総合開発機構運営費,,"16,742,844",0,0,0,"16,742,844"
,,009,,,,,,,基準認証政策推進費,,"2,523,833",0,0,0,"2,523,833"
,,010,,,,,,,独立行政法人製品評価技術基盤機構運営費,,"7,425,669",0,0,0,"7,425,669"
,,011,,,,,,,経済産業統計調査費,,"1,506,754",0,0,0,"1,506,754"
,,012,,,,,,,ものづくり産業振興費,,"45,546,798","2,210,165",0,"2,210,165","47,756,963"
,,,60,062,2,40,5,16,,中小企業経営支援等対策費補助金,"12,749,132","2,210,165",0,"2,210,165","14,959,297"
,,,60,062,2,12,9,06,,ものづくり産業等業務諸謝金外17目,"32,797,666",0,0,0,"32,797,666"
,,014,,,,,,,情報技術利活用促進費,,"9,158,084","489,480",0,"489,480","9,647,564"
,,,95,062,2,12,3,09,,成果重視事業電子経済産業省構築事業庁費,"5,678,854","489,480",0,"489,480","6,168,334"
,,,60,062,2,12,9,06,,情報業務諸謝金外8目,"3,479,230",0,0,0,"3,479,230"
,,015,,,,,,,独立行政法人情報処理推進機構運営費,,"13,146,715",0,0,0,"13,146,715"
,,013,,,,,,,サービス産業強化費,,"1,687,134,876",0,0,0,"1,687,134,876"
,,032,,,,,,,クールジャパン推進費,,"92,184,525",0,0,0,"92,184,525"
,,033,,,,,,,サイバーセキュリティ対策推進費,,"3,994,064",0,0,0,"3,994,064"
,,025,,,,,,,産業保安・危機管理費,,"6,209,360",0,0,0,"6,209,360"
,,016,,,,,,,国際交渉・連携推進費,,"28,220,708",0,0,0,"28,220,708"
,,017,,,,,,,独立行政法人日本貿易振興機構運営費,,"30,387,787",0,0,0,"30,387,787"
,,018,,,,,,,海外市場開拓支援費,,"8,383,157",0,0,0,"8,383,157"
,,019,,,,,,,対内投資促進費,,"39,064",0,0,0,"39,064"
,,021,,,,,,,貿易管理費,,"1,872,456",0,0,0,"1,872,456"
,,022,,,,,,,地域経済活性化対策費,,"221,404,289",0,0,0,"221,404,289"
,,023,,,,,,,工業用水道事業費,,"2,995,000",0,0,0,"2,995,000"
,,024,,,,,,,環境政策推進費,,"406,960",0,0,0,"406,960"
,,026,,,,,,,消費者行政推進費,,"349,149,988",0,0,0,"349,149,988"
,,027,,,,,,,化学物質管理推進費,,"547,831",0,0,0,"547,831"
,中小企業庁,,,,,,,,,,"4,529,367,912","10,201,868,511",0,"10,201,868,511","14,731,236,423"
,,101,,,,,,,中小企業庁共通費,,"2,365,013",0,0,0,"2,365,013"
,,102,,,,,,,経営革新・創業促進費,,"2,398,880,035","3,973,568,511",0,"3,973,568,511","6,372,448,546"
,,,60,062,2,95,9,06,,新型コロナウイルス感染症対策中小企業等持続化給付金,"2,240,000,000","1,855,000,000",0,"1,855,000,000","4,095,000,000"
,,,60,062,2,95,9,06,,新型コロナウイルス感染症対策中小企業等家賃支援給付金,0,"1,930,000,000",0,"1,930,000,000","1,930,000,000"
,,,60,062,2,12,5,14,,中小企業経営支援等対策委託費,"97,679,087","182,568,511",0,"182,568,511","280,247,598"
,,,60,062,2,40,5,16,,中小企業経営支援等対策費補助金,"53,072,402","6,000,000",0,"6,000,000","59,072,402"
,,,60,062,2,12,9,06,,諸謝金外5目,"8,128,546",0,0,0,"8,128,546"
,,103,,,,,,,独立行政法人中小企業基盤整備機構運営費,,"98,342,346","100,000,000",0,"100,000,000","198,342,346"
,,,60,062,2,30,5,16,,独立行政法人中小企業基盤整備機構一般勘定運営費交付金,"94,605,458","100,000,000",0,"100,000,000","194,605,458"
,,,60,062,2,40,5,16,,独立行政法人中小企業基盤整備機構小規模企業共済勘定運営費交付金外1目,"3,736,888",0,0,0,"3,736,888"
,,106,,,,,,,独立行政法人中小企業基盤整備機構出資,,"5,000,000","60,000,000",0,"60,000,000","65,000,000"
,,,60,062,1,95,9,24,,独立行政法人中小企業基盤整備機構出資金,"5,000,000","60,000,000",0,"60,000,000","65,000,000"
,,104,,,,,,,中小企業事業環境整備費,,"2,020,462,357","6,068,300,000",0,"6,068,300,000","8,088,762,357"
,,,60,062,2,92,5,16,,経営安定関連保証等基金補助金,"184,590,000","282,500,000",0,"282,500,000","467,090,000"
,,,60,062,2,40,5,16,,事業環境整備対策費補助金,"615,200,000","732,300,000",0,"732,300,000","1,347,500,000"
,,,60,062,2,30,5,16,,中小企業再生支援利子補給補助金,"796,800,000","1,048,200,000",0,"1,048,200,000","1,845,000,000"
,,,60,062,1,95,9,24,,株式会社日本政策金融公庫出資金,"398,200,000","2,124,600,000",0,"2,124,600,000","2,522,800,000"
,,,60,062,1,95,9,24,,株式会社商工組合中央金庫出資金,0,"398,700,000",0,"398,700,000","398,700,000"
,,,60,062,1,95,9,24,,危機対応円滑化業務出資金,"9,800,000","1,482,000,000",0,"1,482,000,000","1,491,800,000"
,,,60,062,2,12,3,09,,情報処理業務庁費外3目,"15,872,357",0,0,0,"15,872,357"
,,105,,,,,,,経営安定・取引適正化費,,"4,318,161",0,0,0,"4,318,161"
国土交通省,国土交通本省,,,,,,,,,,"6,220,520,952","16,924,925",0,"16,924,925","6,237,445,877"
,,001,,,,,,,国土交通本省共通費,,"128,417,461",0,0,0,"128,417,461"
,,002,,,,,,,国土交通本省施設費,,"292,547",0,0,0,"292,547"
,,003,,,,,,,住宅対策事業費,,"1,800,000",0,0,0,"1,800,000"
,,004,,,,,,,住宅対策諸費,,"40,126,755",0,0,0,"40,126,755"
,,005,,,,,,,住宅市場整備推進費,,"120,512,147",0,0,0,"120,512,147"
,,006,,,,,,,総合的バリアフリー推進費,,"39,601",0,0,0,"39,601"
,,008,,,,,,,海洋環境対策費,,"456,317",0,0,0,"456,317"
,,351,,,,,,,港湾環境整備事業費,,"1,258,022",0,0,0,"1,258,022"
,,010,,,,,,,道路環境等対策費,,"552,345",0,0,0,"552,345"
,,352,,,,,,,道路環境改善事業費,,"129,230,000",0,0,0,"129,230,000"
,,011,,,,,,,水資源対策費,,"113,142",0,0,0,"113,142"
,,012,,,,,,,水資源開発事業費,,"11,829,386",0,0,0,"11,829,386"
,,013,,,,,,,緑地環境対策費,,"160,000",0,0,0,"160,000"
,,014,,,,,,,国営公園等事業費,,"19,230,598",0,0,0,"19,230,598"
,,015,,,,,,,水環境対策費,,"200,123",0,0,0,"200,123"
,,016,,,,,,,都市水環境整備事業費,,"23,103,664",0,0,0,"23,103,664"
,,017,,,,,,,下水道事業費,,"5,126,007",0,0,0,"5,126,007"
,,018,,,,,,,地球温暖化防止等対策費,,"9,297,921",0,0,0,"9,297,921"
,,019,,,,,,,災害情報整備推進費,,"4,213",0,0,0,"4,213"
,,020,,,,,,,住宅・市街地防災対策費,,"156,707",0,0,0,"156,707"
,,021,,,,,,,市街地防災事業費,,"450,000",0,0,0,"450,000"
,,022,,,,,,,住宅防災事業費,,"113,703,000",0,0,0,"113,703,000"
,,023,,,,,,,都市公園防災事業費,,"2,737,000",0,0,0,"2,737,000"
,,024,,,,,,,下水道防災事業費,,"24,447,248",0,0,0,"24,447,248"
,,025,,,,,,,水害・土砂災害対策費,,"301,394",0,0,0,"301,394"
,,026,,,,,,,河川管理施設整備費,,"73,889",0,0,0,"73,889"
,,353,,,,,,,河川整備事業費,,"592,485,563",0,0,0,"592,485,563"
,,354,,,,,,,多目的ダム建設事業費,,"69,500,296",0,0,0,"69,500,296"
,,355,,,,,,,総合流域防災事業費,,"8,231,121",0,0,0,"8,231,121"
,,356,,,,,,,砂防事業費,,"137,837,210",0,0,0,"137,837,210"
,,027,,,,,,,急傾斜地崩壊対策等事業費,,"16,281",0,0,0,"16,281"
,,375,,,,,,,防災・減災対策等強化事業推進費,,"31,001,000",0,0,0,"31,001,000"
,,032,,,,,,,海岸事業費,,"28,928,673",0,0,0,"28,928,673"
,,033,,,,,,,公共交通等安全対策費,,"1,829,763",0,0,0,"1,829,763"
,,034,,,,,,,独立行政法人航空大学校運営費,,"2,636,620",0,0,0,"2,636,620"
,,036,,,,,,,鉄道安全対策事業費,,"5,567,000",0,0,0,"5,567,000"
,,037,,,,,,,道路交通安全対策費,,"313,576",0,0,0,"313,576"
,,357,,,,,,,道路交通安全対策事業費,,"894,079,000",0,0,0,"894,079,000"
,,038,,,,,,,総合的物流体系整備推進費,,"2,424,185",0,0,0,"2,424,185"
,,040,,,,,,,港湾事業費,,"217,936,564",0,0,0,"217,936,564"
,,358,,,,,,,エネルギー・鉄鋼港湾施設工事費,,"400,044",0,0,0,"400,044"
,,046,,,,,,,景観形成推進費,,"136,705",0,0,0,"136,705"
,,359,,,,,,,地域連携道路事業費,,"554,020,000",0,0,0,"554,020,000"
,,048,,,,,,,整備新幹線建設推進高度化等事業費,,"1,438,000",0,0,0,"1,438,000"
,,049,,,,,,,整備新幹線整備事業費,,"80,372,000",0,0,0,"80,372,000"
,,053,,,,,,,航空機燃料税財源空港整備事業費自動車安全特別会計へ繰入,,"25,892,226",0,0,0,"25,892,226"
,,054,,,,,,,航空機燃料税財源北海道空港整備事業費自動車安全特別会計へ繰入,,"11,019,000",0,0,0,"11,019,000"
,,055,,,,,,,航空機燃料税財源離島空港整備事業費自動車安全特別会計へ繰入,,"2,102,000",0,0,0,"2,102,000"
,,056,,,,,,,都市・地域づくり推進費,,"1,851,583",0,0,0,"1,851,583"
,,057,,,,,,,都市再生・地域再生整備事業費,,"101,109,755",0,0,0,"101,109,755"
,,058,,,,,,,鉄道網整備推進費,,"350,323",0,0,0,"350,323"
,,059,,,,,,,鉄道網整備事業費,,"20,415,000",0,0,0,"20,415,000"
,,060,,,,,,,地域公共交通維持・活性化推進費,,"21,093,120","13,805,369",0,"13,805,369","34,898,489"
,,,95,063,2,40,5,16,,地域公共交通確保維持改善事業費補助金,"20,310,472","13,805,369",0,"13,805,369","34,115,841"
,,,95,016,2,12,9,06,,諸謝金外4目,"782,648",0,0,0,"782,648"
,,096,,,,,,,独立行政法人鉄道建設・運輸施設整備支援機構運営費,,"263,857",0,0,0,"263,857"
,,061,,,,,,,都市・地域交通整備事業費,,"692,000",0,0,0,"692,000"
,,062,,,,,,,道路交通円滑化推進費,,"118,039",0,0,0,"118,039"
,,361,,,,,,,道路交通円滑化事業費,,"220,199,000",0,0,0,"220,199,000"
,,066,,,,,,,社会資本整備・管理効率化推進費,,"1,567,281",0,0,0,"1,567,281"
,,067,,,,,,,不動産市場整備等推進費,,"4,749,752",0,0,0,"4,749,752"
,,068,,,,,,,建設市場整備推進費,,"805,949",0,0,0,"805,949"
,,069,,,,,,,国土交通統計調査費,,"838,817",0,0,0,"838,817"
,,070,,,,,,,国土調査費,,"6,882,618",0,0,0,"6,882,618"
,,130,,,,,,,自動車運送業市場環境整備推進費,,"88,276",0,0,0,"88,276"
,,071,,,,,,,海事産業市場整備等推進費,,"1,158,827",0,0,0,"1,158,827"
,,074,,,,,,,独立行政法人海技教育機構運営費,,"7,093,246",0,0,0,"7,093,246"
,,076,,,,,,,国土形成推進費,,"525,734",0,0,0,"525,734"
,,280,,,,,,,社会資本総合整備事業費,,"1,680,540,000",0,0,0,"1,680,540,000"
,,282,,,,,,,官民連携基盤整備推進調査費,,"331,000",0,0,0,"331,000"
,,080,,,,,,,地理空間情報整備・活用推進費,,"96,749",0,0,0,"96,749"
,,081,,,,,,,離島振興費,,"5,380,034",0,0,0,"5,380,034"
,,083,,,,,,,離島振興事業費,,"63,628,233",0,0,0,"63,628,233"
,,085,,,,,,,北海道総合開発推進費,,"1,772,594",0,0,0,"1,772,594"
,,086,,,,,,,北海道開発事業費,,"568,699,933",0,0,0,"568,699,933"
,,089,,,,,,,北海道特定特別総合開発事業推進費,,"4,325,000",0,0,0,"4,325,000"
,,091,,,,,,,技術研究開発推進費,,"12,386,821",0,0,0,"12,386,821"
,,092,,,,,,,国立研究開発法人土木研究所運営費,,"8,667,284",0,0,0,"8,667,284"
,,093,,,,,,,国立研究開発法人土木研究所施設整備費,,"492,990",0,0,0,"492,990"
,,094,,,,,,,国立研究開発法人建築研究所運営費,,"1,778,991",0,0,0,"1,778,991"
,,095,,,,,,,国立研究開発法人建築研究所施設整備費,,"334,725",0,0,0,"334,725"
,,099,,,,,,,国立研究開発法人海上・港湾・航空技術研究所運営費,,"5,193,097",0,0,0,"5,193,097"
,,367,,,,,,,独立行政法人自動車技術総合機構運営費,,"737,870",0,0,0,"737,870"
,,105,,,,,,,情報化推進費,,"11,269,942","3,119,556",0,"3,119,556","14,389,498"
,,,95,016,2,12,3,09,,情報処理業務庁費,"10,772,276","3,119,556",0,"3,119,556","13,891,832"
,,,95,016,2,12,9,06,,諸謝金外3目,"497,666",0,0,0,"497,666"
,,106,,,,,,,国際協力費,,"1,866,407",0,0,0,"1,866,407"
,,107,,,,,,,官庁施設保全等推進費,,"183,915",0,0,0,"183,915"
,,108,,,,,,,官庁営繕費,,"18,746,510",0,0,0,"18,746,510"
,,374,,,,,,,附帯・受託工事費,,"83,029,000",0,0,0,"83,029,000"
,,273,,,,,,,治水海岸事業調査諸費,,"146,337",0,0,0,"146,337"
,,272,,,,,,,水資源開発事業調査諸費,,"1,967",0,0,0,"1,967"
,,364,,,,,,,道路整備事業調査諸費,,"68,474",0,0,0,"68,474"
,,365,,,,,,,港湾事業調査諸費,,"77,203",0,0,0,"77,203"
,,275,,,,,,,都市開発事業調査諸費,,"24,245",0,0,0,"24,245"
,,366,,,,,,,都市水環境整備事業調査諸費,,"6,539",0,0,0,"6,539"
,,276,,,,,,,住宅建設事業調査諸費,,"98,245",0,0,0,"98,245"
,,277,,,,,,,国営公園等事業調査諸費,,"30,575",0,0,0,"30,575"
,,278,,,,,,,下水道事業調査諸費,,"85,745",0,0,0,"85,745"
,,109,,,,,,,河川等災害復旧事業費,,"40,324,953",0,0,0,"40,324,953"
,,285,,,,,,,住宅施設災害復旧事業費,,"101,000",0,0,0,"101,000"
,,368,,,,,,,鉄道施設災害復旧事業費,,"910,000",0,0,0,"910,000"
,,110,,,,,,,河川等災害関連事業費,,"13,267,129",0,0,0,"13,267,129"
,,369,,,,,,,自動車安全特別会計へ繰入,,"4,030,000",0,0,0,"4,030,000"
,,112,,,,,,,自動車重量税業務取扱費自動車安全特別会計へ繰入,,"279,954",0,0,0,"279,954"
,,113,,,,,,,北海道農業生産基盤整備事業費食料安定供給特別会計へ繰入,,"9,000",0,0,0,"9,000"
,,115,,,,,,,離島農業生産基盤整備事業費食料安定供給特別会計へ繰入,,"9,000",0,0,0,"9,000"
防衛省,防衛本省,,,,,,,,,,"5,145,262,623","6,321,109",0,"6,321,109","5,151,583,732"
,,001,,,,,,,防衛本省共通費,,"717,082,128","4,068,534",0,"4,068,534","721,150,662"
,,,35,030,2,12,3,09,,情報処理業務庁費,"4,236,760","3,529",0,"3,529","4,240,289"
,,,35,030,2,12,3,09,,電子計算機等借料,"5,299,549","113,261",0,"113,261","5,412,810"
,,,35,030,2,12,3,09,,各所修繕,"9,707,693","3,951,744",0,"3,951,744","13,659,437"
,,,35,030,2,12,9,06,,諸謝金外38目,"697,838,126",0,0,0,"697,838,126"
,,002,,,,,,,防衛本省施設費,,"3,474,747",0,0,0,"3,474,747"
,,003,,,,,,,自衛官給与費,,"1,447,260,481",0,0,0,"1,447,260,481"
,,021,,,,,,,防衛力基盤強化推進費,,"773,207,000","1,787,646",0,"1,787,646","774,994,646"
,,,35,030,2,20,2,08,,施設施工旅費,"334,558","38,640",0,"38,640","373,198"
,,,35,030,2,12,3,09,,営舎費,"76,531,667",163,0,163,"76,531,830"
,,,35,030,2,12,3,09,,医療費,"19,258,721","325,547",0,"325,547","19,584,268"
,,,35,030,2,20,4,15,,施設整備費,"119,896,301","1,423,296",0,"1,423,296","121,319,597"
,,,35,030,2,95,9,06,,即応予備自衛官勤続報奨金外43目,"557,185,753",0,0,0,"557,185,753"
,,004,,,,,,,武器車両等整備費,,"860,761,386","464,929",0,"464,929","861,226,315"
,,,35,030,2,20,3,09,,諸器材購入費,"53,615,205","439,992",0,"439,992","54,055,197"
,,,35,030,2,12,3,09,,諸器材等維持費,"60,938,074","24,937",0,"24,937","60,963,011"
,,,35,030,2,20,3,09,,武器購入費外8目,"746,208,107",0,0,0,"746,208,107"
,,005,,,,,,,艦船整備費,,"111,910,884",0,0,0,"111,910,884"
,,006,,,,,,,航空機整備費,,"768,831,568",0,0,0,"768,831,568"
,,016,,,,,,,平成28年度甲Ⅳ型警備艦建造費,,"22,037,837",0,0,0,"22,037,837"
,,017,,,,,,,平成28年度潜水艦建造費,,"15,335,254",0,0,0,"15,335,254"
,,007,,,,,,,平成29年度潜水艦建造費,,"13,741,039",0,0,0,"13,741,039"
,,008,,,,,,,平成30年度甲Ⅴ型警備艦建造費,,"41,731,105",0,0,0,"41,731,105"
,,009,,,,,,,平成30年度潜水艦建造費,,"18,353,241",0,0,0,"18,353,241"
,,010,,,,,,,令和元年度甲Ⅴ型警備艦建造費,,"9,484,721",0,0,0,"9,484,721"
,,011,,,,,,,令和元年度潜水艦建造費,,"1,720,176",0,0,0,"1,720,176"
,,012,,,,,,,令和2年度甲Ⅴ型警備艦建造費,,"1,412,796",0,0,0,"1,412,796"
,,013,,,,,,,令和2年度潜水艦建造費,,"172,845",0,0,0,"172,845"
,,018,,,,,,,在日米軍等駐留関連諸費,,"334,870,906",0,0,0,"334,870,906"
,,019,,,,,,,独立行政法人駐留軍等労働者労務管理機構運営費,,"3,339,048",0,0,0,"3,339,048"
,,020,,,,,,,安全保障協力推進費,,"535,461",0,0,0,"535,461"
,防衛装備庁,,,,,,,,,,"159,721,353","24,941",0,"24,941","159,746,294"
,,500,,,,,,,防衛装備庁共通費,,"18,842,721","24,941",0,"24,941","18,867,662"
,,,35,030,2,12,3,09,,庁費,"737,046","1,302",0,"1,302","738,348"
,,,35,030,2,12,3,09,,情報処理業務庁費,"747,592",714,0,714,"748,306"
,,,35,030,2,12,3,09,,電子計算機等借料,"570,062","22,925",0,"22,925","592,987"
,,,35,030,2,12,9,06,,諸謝金外17目,"16,788,021",0,0,0,"16,788,021"
,,503,,,,,,,防衛装備庁施設費,,"61,490",0,0,0,"61,490"
,,550,,,,,,,防衛力基盤強化推進費,,"140,817,142",0,0,0,"140,817,142"
